{"cameraMode":{"drawMode":0,"name":"Shaded","section":"Shading Mode"},"sceneLighting":true,"audioPlay":false,"sceneViewState":{"showFog":true,"showMaterialUpdate":false,"showSkybox":true,"showFlares":true,"showImageEffects":true,"showParticleSystems":true},"in2DMode":false,"pivot":{"x":-0.7921726703643799,"y":0.9056286811828613,"z":0.1890265941619873},"rotation":{"x":-0.10717973113059998,"y":0.7531457543373108,"z":-0.12681035697460175,"w":-0.6365566849708557},"size":1.8015451431274415,"orthographic":false}