{"cameraMode":{"drawMode":0,"name":"Shaded","section":"Shading Mode"},"sceneLighting":true,"audioPlay":false,"sceneViewState":{"showFog":true,"showMaterialUpdate":false,"showSkybox":true,"showFlares":true,"showImageEffects":true,"showParticleSystems":true},"in2DMode":false,"pivot":{"x":-0.7416887283325195,"y":-0.3990328311920166,"z":1.020989179611206},"rotation":{"x":0.19304414093494416,"y":0.7783060073852539,"z":-0.2865873873233795,"w":0.5242860317230225},"size":2.863318920135498,"orthographic":false}