{"cameraMode":{"drawMode":0,"name":"Shaded","section":"Shading Mode"},"sceneLighting":true,"audioPlay":false,"sceneViewState":{"showFog":true,"showMaterialUpdate":false,"showSkybox":true,"showFlares":true,"showImageEffects":true,"showParticleSystems":true},"in2DMode":false,"pivot":{"x":327.8950500488281,"y":2.594494342803955,"z":234.12753295898438},"rotation":{"x":-0.03620954602956772,"y":0.07099124789237976,"z":-0.0025909675750881435,"w":-0.996824324131012},"size":1.8543939590454102,"orthographic":false}